window_s,model,accuracy_mean,accuracy_std,precision_mean,precision_std,recall_mean,recall_std,f1_mean,f1_std,false_alarm_rate_mean,false_alarm_rate_std,effective_latency_s_mean,effective_latency_s_std,detect_rate_mean,detect_rate_std
1,Logistic Regression,0.9677777777777777,0.00429445114343858,0.9397435120865596,0.010108053486444795,0.9898305084745763,0.00875250473719189,0.9640732111955124,0.004706019868180004,0.049303405572755414,0.00886101789371656,1.7,0.6749485577105528,1.0,0.0
1,Random Forest,0.984074074074074,0.007417688338666566,0.9814521350186537,0.010937265430855424,0.9821816601477618,0.011628933646466486,0.9817657871785436,0.008483405180083626,0.014465084279325765,0.008663080838344005,1.2,0.4216370213557839,1.0,0.0
2,Logistic Regression,0.9785185185185185,0.006485889153858627,0.9549052710921151,0.015967074920592326,0.9983050847457626,0.005359792644353154,0.9760310026430666,0.007028154682265183,0.03684210526315789,0.013589415249850583,2.2,0.6324555320336759,1.0,0.0
2,Random Forest,0.9903703703703703,0.007847036336825021,0.9867448812409577,0.015101496363121856,0.9915254237288135,0.011984860698077082,0.9890315804722585,0.008951162196432286,0.010526315789473684,0.012091270835166862,2.0,0.0,1.0,0.0
5,Logistic Regression,0.9745454545454546,0.012712834523274546,0.9671666666666667,0.017321399025411625,0.975,0.021516574145596757,0.9709165581126067,0.014622139019136154,0.025806451612903226,0.013601194237283351,8.0,2.581988897471611,1.0,0.0
5,Random Forest,0.9963636363636365,0.0076661276610142486,1.0,0.0,0.9916666666666668,0.01756820922315766,0.9957446808510639,0.008971000454378392,0.0,0.0,6.0,2.1081851067789197,1.0,0.0
10,Logistic Regression,1.0,0.0,1.0,0.0,1.0,0.0,1.0,0.0,0.0,0.0,10.0,0.0,1.0,0.0
10,Random Forest,1.0,0.0,1.0,0.0,1.0,0.0,1.0,0.0,0.0,0.0,10.0,0.0,1.0,0.0
20,Logistic Regression,1.0,0.0,1.0,0.0,1.0,0.0,1.0,0.0,0.0,0.0,20.0,0.0,1.0,0.0
20,Random Forest,1.0,0.0,1.0,0.0,1.0,0.0,1.0,0.0,0.0,0.0,20.0,0.0,1.0,0.0
