window_s,model,accuracy,precision,recall,f1,false_alarm_rate,raw_latency_s,effective_latency_s,episodes_detected,n_windows
1,Random Forest,0.9257142857142857,0.9364406779661016,0.9525862068965517,0.9444444444444444,0.1271186440677966,0.02,1.02,50/52,1166
1,Logistic Regression,0.7057142857142857,0.763265306122449,0.8060344827586207,0.7840670859538784,0.4915254237288136,0.24390243902439024,1.2439024390243902,41/52,1166
2,Random Forest,0.8703703703703703,0.9197080291970803,0.8811188811188811,0.9,0.1506849315068493,0.30303030303030304,2.303030303030303,33/37,719
2,Logistic Regression,0.6851851851851852,0.7952755905511811,0.7062937062937062,0.7481481481481481,0.3561643835616438,0.6428571428571429,2.642857142857143,28/37,719
5,Random Forest,0.8118811881188119,0.8169014084507042,0.90625,0.8592592592592593,0.35135135135135137,0.6666666666666666,5.666666666666667,15/16,334
5,Logistic Regression,0.7722772277227723,0.8153846153846154,0.828125,0.8217054263565892,0.32432432432432434,1.4285714285714286,6.428571428571429,14/16,334
10,Random Forest,0.7307692307692307,0.8214285714285714,0.71875,0.7666666666666667,0.25,2.2222222222222223,12.222222222222221,9/11,173
10,Logistic Regression,0.7884615384615384,0.8620689655172413,0.78125,0.819672131147541,0.2,0.0,10.0,10/11,173
20,Random Forest,0.6666666666666666,0.65,0.8666666666666667,0.7428571428571429,0.5833333333333334,0.0,20.0,4/5,87
20,Logistic Regression,0.6666666666666666,0.65,0.8666666666666667,0.7428571428571429,0.5833333333333334,4.0,24.0,5/5,87
