seed,window_s,model,accuracy,precision,recall,f1,false_alarm_rate,effective_latency_s,detect_rate
100,1,Random Forest,1.0,1.0,1.0,1.0,0.0,1.0,1.0
100,1,Logistic Regression,0.9629629629629629,0.9354838709677419,0.9830508474576272,0.9586776859504132,0.05263157894736842,2.0,1.0
100,2,Random Forest,0.9925925925925926,1.0,0.9830508474576272,0.9914529914529915,0.0,2.0,1.0
100,2,Logistic Regression,0.9777777777777777,0.9516129032258065,1.0,0.9752066115702479,0.039473684210526314,2.0,1.0
100,5,Random Forest,1.0,1.0,1.0,1.0,0.0,5.0,1.0
100,5,Logistic Regression,0.9636363636363636,0.9583333333333334,0.9583333333333334,0.9583333333333334,0.03225806451612903,10.0,1.0
100,10,Random Forest,1.0,1.0,1.0,1.0,0.0,10.0,1.0
100,10,Logistic Regression,1.0,1.0,1.0,1.0,0.0,10.0,1.0
100,20,Random Forest,1.0,1.0,1.0,1.0,0.0,20.0,1.0
100,20,Logistic Regression,1.0,1.0,1.0,1.0,0.0,20.0,1.0
101,1,Random Forest,0.9814814814814815,0.9747899159663865,0.9830508474576272,0.9789029535864979,0.019736842105263157,1.0,1.0
101,1,Logistic Regression,0.9629629629629629,0.9285714285714286,0.9915254237288136,0.9590163934426229,0.05921052631578947,2.0,1.0
101,2,Random Forest,1.0,1.0,1.0,1.0,0.0,2.0,1.0
101,2,Logistic Regression,0.9703703703703703,0.9365079365079365,1.0,0.9672131147540983,0.05263157894736842,2.0,1.0
101,5,Random Forest,1.0,1.0,1.0,1.0,0.0,5.0,1.0
101,5,Logistic Regression,0.9636363636363636,0.9583333333333334,0.9583333333333334,0.9583333333333334,0.03225806451612903,10.0,1.0
101,10,Random Forest,1.0,1.0,1.0,1.0,0.0,10.0,1.0
101,10,Logistic Regression,1.0,1.0,1.0,1.0,0.0,10.0,1.0
101,20,Random Forest,1.0,1.0,1.0,1.0,0.0,20.0,1.0
101,20,Logistic Regression,1.0,1.0,1.0,1.0,0.0,20.0,1.0
102,1,Random Forest,0.9925925925925926,0.9833333333333333,1.0,0.9915966386554622,0.013157894736842105,1.0,1.0
102,1,Logistic Regression,0.9703703703703703,0.9583333333333334,0.9745762711864406,0.9663865546218487,0.03289473684210526,3.0,1.0
102,2,Random Forest,1.0,1.0,1.0,1.0,0.0,2.0,1.0
102,2,Logistic Regression,0.9851851851851852,0.9830508474576272,0.9830508474576272,0.9830508474576272,0.013157894736842105,4.0,1.0
102,5,Random Forest,1.0,1.0,1.0,1.0,0.0,5.0,1.0
102,5,Logistic Regression,0.9818181818181818,1.0,0.9583333333333334,0.9787234042553191,0.0,10.0,1.0
102,10,Random Forest,1.0,1.0,1.0,1.0,0.0,10.0,1.0
102,10,Logistic Regression,1.0,1.0,1.0,1.0,0.0,10.0,1.0
102,20,Random Forest,1.0,1.0,1.0,1.0,0.0,20.0,1.0
102,20,Logistic Regression,1.0,1.0,1.0,1.0,0.0,20.0,1.0
103,1,Random Forest,0.9740740740740741,0.9663865546218487,0.9745762711864406,0.9704641350210971,0.02631578947368421,1.0,1.0
103,1,Logistic Regression,0.9666666666666667,0.9291338582677166,1.0,0.963265306122449,0.05921052631578947,1.0,1.0
103,2,Random Forest,0.9851851851851852,0.9672131147540983,1.0,0.9833333333333333,0.02631578947368421,2.0,1.0
103,2,Logistic Regression,0.9703703703703703,0.9365079365079365,1.0,0.9672131147540983,0.05263157894736842,2.0,1.0
103,5,Random Forest,1.0,1.0,1.0,1.0,0.0,5.0,1.0
103,5,Logistic Regression,0.9636363636363636,0.9583333333333334,0.9583333333333334,0.9583333333333334,0.03225806451612903,10.0,1.0
103,10,Random Forest,1.0,1.0,1.0,1.0,0.0,10.0,1.0
103,10,Logistic Regression,1.0,1.0,1.0,1.0,0.0,10.0,1.0
103,20,Random Forest,1.0,1.0,1.0,1.0,0.0,20.0,1.0
103,20,Logistic Regression,1.0,1.0,1.0,1.0,0.0,20.0,1.0
104,1,Random Forest,0.9814814814814815,0.9827586206896551,0.9743589743589743,0.9785407725321889,0.013071895424836602,1.0,1.0
104,1,Logistic Regression,0.9666666666666667,0.9285714285714286,1.0,0.9629629629629629,0.058823529411764705,1.0,1.0
104,2,Random Forest,0.9851851851851852,0.9672131147540983,1.0,0.9833333333333333,0.02631578947368421,2.0,1.0
104,2,Logistic Regression,0.9851851851851852,0.9672131147540983,1.0,0.9833333333333333,0.02631578947368421,2.0,1.0
104,5,Random Forest,0.9818181818181818,1.0,0.9583333333333334,0.9787234042553191,0.0,10.0,1.0
104,5,Logistic Regression,0.9818181818181818,0.96,1.0,0.9795918367346939,0.03225806451612903,5.0,1.0
104,10,Random Forest,1.0,1.0,1.0,1.0,0.0,10.0,1.0
104,10,Logistic Regression,1.0,1.0,1.0,1.0,0.0,10.0,1.0
104,20,Random Forest,1.0,1.0,1.0,1.0,0.0,20.0,1.0
104,20,Logistic Regression,1.0,1.0,1.0,1.0,0.0,20.0,1.0
105,1,Random Forest,0.9814814814814815,0.9669421487603306,0.9915254237288136,0.9790794979079498,0.02631578947368421,1.0,1.0
105,1,Logistic Regression,0.9703703703703703,0.9435483870967742,0.9915254237288136,0.9669421487603306,0.046052631578947366,1.0,1.0
105,2,Random Forest,0.9851851851851852,0.9672131147540983,1.0,0.9833333333333333,0.02631578947368421,2.0,1.0
105,2,Logistic Regression,0.9777777777777777,0.9516129032258065,1.0,0.9752066115702479,0.039473684210526314,2.0,1.0
105,5,Random Forest,1.0,1.0,1.0,1.0,0.0,5.0,1.0
105,5,Logistic Regression,0.9636363636363636,0.9583333333333334,0.9583333333333334,0.9583333333333334,0.03225806451612903,10.0,1.0
105,10,Random Forest,1.0,1.0,1.0,1.0,0.0,10.0,1.0
105,10,Logistic Regression,1.0,1.0,1.0,1.0,0.0,10.0,1.0
105,20,Random Forest,1.0,1.0,1.0,1.0,0.0,20.0,1.0
105,20,Logistic Regression,1.0,1.0,1.0,1.0,0.0,20.0,1.0
106,1,Random Forest,0.9851851851851852,0.9830508474576272,0.9830508474576272,0.9830508474576272,0.013157894736842105,1.0,1.0
106,1,Logistic Regression,0.9740740740740741,0.944,1.0,0.9711934156378601,0.046052631578947366,1.0,1.0
106,2,Random Forest,0.9777777777777777,0.9827586206896551,0.9661016949152542,0.9743589743589743,0.013157894736842105,2.0,1.0
106,2,Logistic Regression,0.9777777777777777,0.9516129032258065,1.0,0.9752066115702479,0.039473684210526314,2.0,1.0
106,5,Random Forest,1.0,1.0,1.0,1.0,0.0,5.0,1.0
106,5,Logistic Regression,0.9818181818181818,0.96,1.0,0.9795918367346939,0.03225806451612903,5.0,1.0
106,10,Random Forest,1.0,1.0,1.0,1.0,0.0,10.0,1.0
106,10,Logistic Regression,1.0,1.0,1.0,1.0,0.0,10.0,1.0
106,20,Random Forest,1.0,1.0,1.0,1.0,0.0,20.0,1.0
106,20,Logistic Regression,1.0,1.0,1.0,1.0,0.0,20.0,1.0
107,1,Random Forest,0.9814814814814815,0.991304347826087,0.9661016949152542,0.9785407725321889,0.006578947368421052,2.0,1.0
107,1,Logistic Regression,0.9740740740740741,0.9512195121951219,0.9915254237288136,0.970954356846473,0.039473684210526314,2.0,1.0
107,2,Random Forest,0.9925925925925926,1.0,0.9830508474576272,0.9914529914529915,0.0,2.0,1.0
107,2,Logistic Regression,0.9851851851851852,0.9672131147540983,1.0,0.9833333333333333,0.02631578947368421,2.0,1.0
107,5,Random Forest,1.0,1.0,1.0,1.0,0.0,5.0,1.0
107,5,Logistic Regression,0.9636363636363636,0.9583333333333334,0.9583333333333334,0.9583333333333334,0.03225806451612903,10.0,1.0
107,10,Random Forest,1.0,1.0,1.0,1.0,0.0,10.0,1.0
107,10,Logistic Regression,1.0,1.0,1.0,1.0,0.0,10.0,1.0
107,20,Random Forest,1.0,1.0,1.0,1.0,0.0,20.0,1.0
107,20,Logistic Regression,1.0,1.0,1.0,1.0,0.0,20.0,1.0
108,1,Random Forest,0.9777777777777777,0.9745762711864406,0.9745762711864406,0.9745762711864406,0.019736842105263157,1.0,1.0
108,1,Logistic Regression,0.9666666666666667,0.943089430894309,0.9830508474576272,0.9626556016597511,0.046052631578947366,2.0,1.0
108,2,Random Forest,0.9851851851851852,0.9830508474576272,0.9830508474576272,0.9830508474576272,0.013157894736842105,2.0,1.0
108,2,Logistic Regression,0.9703703703703703,0.9365079365079365,1.0,0.9672131147540983,0.05263157894736842,2.0,1.0
108,5,Random Forest,0.9818181818181818,1.0,0.9583333333333334,0.9787234042553191,0.0,10.0,1.0
108,5,Logistic Regression,0.9818181818181818,0.96,1.0,0.9795918367346939,0.03225806451612903,5.0,1.0
108,10,Random Forest,1.0,1.0,1.0,1.0,0.0,10.0,1.0
108,10,Logistic Regression,1.0,1.0,1.0,1.0,0.0,10.0,1.0
108,20,Random Forest,1.0,1.0,1.0,1.0,0.0,20.0,1.0
108,20,Logistic Regression,1.0,1.0,1.0,1.0,0.0,20.0,1.0
109,1,Random Forest,0.9851851851851852,0.9913793103448276,0.9745762711864406,0.9829059829059829,0.006578947368421052,2.0,1.0
109,1,Logistic Regression,0.9629629629629629,0.9354838709677419,0.9830508474576272,0.9586776859504132,0.05263157894736842,2.0,1.0
109,2,Random Forest,1.0,1.0,1.0,1.0,0.0,2.0,1.0
109,2,Logistic Regression,0.9851851851851852,0.9672131147540983,1.0,0.9833333333333333,0.02631578947368421,2.0,1.0
109,5,Random Forest,1.0,1.0,1.0,1.0,0.0,5.0,1.0
109,5,Logistic Regression,1.0,1.0,1.0,1.0,0.0,5.0,1.0
109,10,Random Forest,1.0,1.0,1.0,1.0,0.0,10.0,1.0
109,10,Logistic Regression,1.0,1.0,1.0,1.0,0.0,10.0,1.0
109,20,Random Forest,1.0,1.0,1.0,1.0,0.0,20.0,1.0
109,20,Logistic Regression,1.0,1.0,1.0,1.0,0.0,20.0,1.0
