window_start,packet_count,byte_count,unique_src_ips,flow_count,syn_ratio,label
2018-11-03 11:01:42,13782,5020104.0,2,3644,0.0,1
2018-11-03 11:01:44,57506,20834428.0,3,15592,0.0,1
2018-11-03 11:01:46,50290,18222012.0,3,13858,0.0,1
2018-11-03 11:01:48,42499,15342929.0,4,11362,0.0,1
2018-11-03 11:01:50,37657,13395481.0,11,9854,0.0,1
2018-11-03 11:01:52,31975,11551749.0,8,8271,0.0,1
2018-11-03 11:01:54,29590,10714988.0,2,7767,0.0,1
2018-11-03 11:01:56,25292,9171840.0,3,6735,0.0,1
2018-11-03 11:01:58,19504,7048043.0,6,5188,0.0,1
2018-11-03 11:02:00,15026,5450180.0,2,3834,0.0,1
2018-11-03 11:02:02,10332,3745680.0,3,2410,0.0,1
2018-11-03 11:02:04,7924,2867171.0,4,1723,0.0,1
2018-11-03 11:02:06,7870,2847856.0,2,1740,0.0,1
2018-11-03 11:02:08,7913,2865010.0,3,1803,0.0,1
2018-11-03 11:02:10,6136,2223948.0,2,1262,0.0,1
2018-11-03 11:02:12,4624,1673118.0,2,850,0.0,1
2018-11-03 11:02:14,4575,1650830.0,4,871,0.0,1
2018-11-03 11:02:16,5745,2064012.0,3,1269,0.0,1
2018-11-03 11:02:18,6238,2238616.0,3,1502,0.0,1
2018-11-03 11:02:20,5024,1821900.0,2,1138,0.0,1
2018-11-03 11:02:22,4332,1569182.0,2,972,0.0,1
2018-11-03 11:02:24,5412,1956121.0,4,1398,0.0,1
2018-11-03 11:02:26,4542,1638456.0,3,1128,0.0,1
2018-11-03 11:02:28,4949,1787958.0,3,1284,0.0,1
2018-11-03 11:02:30,3796,1371854.0,2,945,0.0,1
2018-11-03 11:02:32,4322,1569672.0,2,1215,0.0,1
2018-11-03 11:02:34,2671,963328.0,4,728,0.0,1
2018-11-03 11:02:36,1522,550221.0,4,391,0.0,1
2018-11-03 11:02:38,1407,502622.0,3,306,0.0,1
2018-11-03 11:02:40,1263,455594.0,4,313,0.0,1
2018-11-03 11:02:42,866,314894.0,2,186,0.0,1
2018-11-03 11:02:44,873,312024.0,4,172,0.0,1
2018-11-03 11:02:46,916,331628.0,2,174,0.0,1
2018-11-03 11:02:48,1224,438917.0,3,284,0.0,1
2018-11-03 11:02:50,1919,801076.0,4,228,0.0,1
2018-11-03 11:02:52,2661,968058.0,16,186,0.0,0
2018-11-03 11:02:54,8090,7213611.0,4,98,0.0,1
2018-11-03 11:02:56,2958,1717801.0,8,113,0.0,1
2018-11-03 11:02:58,712,324326.0,3,50,0.0,1
2018-11-03 11:03:00,593,180341.0,6,39,0.0,1
2018-11-03 11:03:02,1413,312860.0,7,54,0.0,0
2018-11-03 11:03:04,279,72298.0,7,19,0.0,1
2018-11-03 11:03:06,329,111232.0,7,88,0.0,1
2018-11-03 11:03:08,188,50451.0,9,41,0.0,1
2018-11-03 11:03:10,80,29292.0,2,22,0.0,1
2018-11-03 11:03:12,257,90976.0,4,49,0.0,1
2018-11-03 11:03:14,95,32454.0,4,9,0.0,1
2018-11-03 11:03:16,38,14030.0,2,8,0.0,1
2018-11-03 11:03:18,227,61136.0,6,30,0.0,1
2018-11-03 11:03:20,74,27350.0,2,16,0.0,1
2018-11-03 11:03:22,80,28934.0,2,15,0.0,1
2018-11-03 11:03:24,83,27709.0,4,20,0.012048192771084338,1
2018-11-03 11:03:26,55,16680.0,3,8,0.01818181818181818,1
2018-11-03 11:03:28,162,58596.0,2,49,0.0,1
2018-11-03 11:03:30,84,30802.0,2,22,0.0,1
2018-11-03 11:03:32,92,32886.0,3,23,0.0,1
2018-11-03 11:03:34,150,54388.0,2,45,0.0,1
2018-11-03 11:03:36,172,57478.0,3,48,0.0,1
2018-11-03 11:03:38,226,82586.0,2,70,0.0,1
2018-11-03 11:03:40,110,40486.0,2,39,0.0,1
2018-11-03 11:03:42,8,3272.0,2,4,0.0,1
2018-11-03 11:03:44,256,92770.0,2,75,0.0,1
2018-11-03 11:03:46,346,125426.0,2,108,0.0,1
2018-11-03 11:03:48,84,23720.0,3,27,0.0,1
2018-11-03 11:03:50,202,47034.0,3,32,0.0,1
2018-11-03 11:03:52,730,201450.0,3,153,0.0,1
2018-11-03 11:03:54,490,157304.0,3,141,0.0,1
2018-11-03 11:03:56,74,11714.0,3,13,0.0,1
2018-11-03 11:03:58,82,1114.0,1,2,0.0,1
2018-11-03 11:04:00,64,1804.0,5,19,0.0,0
2018-11-03 11:04:02,500,128942.0,6,36,0.0,0
2018-11-03 11:04:04,363,47222.0,4,42,0.0,0
2018-11-03 11:04:06,130,32588.0,3,37,0.0,1
2018-11-03 11:04:08,14,3572.0,2,5,0.0,1
2018-11-03 11:04:10,44,16290.0,2,13,0.0,1
2018-11-03 11:04:12,59,4223.0,3,8,0.0,0
2018-11-03 11:04:14,318,108788.0,4,89,0.0,1
2018-11-03 11:04:16,70,24564.0,2,26,0.0,1
2018-11-03 11:04:18,30,5715.0,3,8,0.0,1
2018-11-03 11:04:20,81,10606.0,1,2,0.0,0
2018-11-03 11:04:22,64,20344.0,5,8,0.015625,1
2018-11-03 11:04:28,32,11478.0,2,9,0.0,1
2018-11-03 11:04:36,6,36.0,1,1,0.0,1
2018-11-03 11:04:38,7,18.0,1,1,0.0,0
2018-11-03 11:04:40,4,1700.0,2,2,0.0,1
2018-11-03 11:04:42,34,3372.0,4,6,0.0,0
2018-11-03 11:04:44,5,30.0,2,2,0.0,0
2018-11-03 11:04:46,67,8724.0,2,3,0.0,1
2018-11-03 11:04:48,43,11972.0,4,4,0.0,1
2018-11-03 11:04:50,73,17915.0,5,16,0.0,0
2018-11-03 11:04:52,66,10521.0,5,14,0.0,0
2018-11-03 11:04:54,53,2452.0,4,19,0.05660377358490566,0
2018-11-03 11:04:56,28,2048.0,6,14,0.0,0
2018-11-03 11:04:58,62,5023.0,9,21,0.0,0
2018-11-03 11:05:00,280,83864.0,1,1,0.0,0
2018-11-03 11:05:02,26,5017.0,3,5,0.0,1
2018-11-03 11:05:04,8,3536.0,2,4,0.0,1
2018-11-03 11:05:06,4,1768.0,2,2,0.0,1
2018-11-03 11:05:08,12,549.0,2,3,0.0,0
2018-11-03 11:05:10,242,34888.0,3,6,0.0,0
2018-11-03 11:05:12,19,1580.0,1,1,0.0,0
2018-11-03 11:05:14,44,23684.0,2,11,0.0,1
2018-11-03 11:05:16,4,2154.0,2,2,0.0,1
2018-11-03 11:05:18,15,542.0,3,3,0.0,0
2018-11-03 11:05:20,4,1700.0,2,2,0.0,1
2018-11-03 11:05:22,18,1549.0,1,1,0.0,0
2018-11-03 11:05:24,6,36.0,1,1,0.0,1
2018-11-03 11:05:28,12,549.0,2,3,0.0,0
2018-11-03 11:05:32,23,3348.0,3,3,0.0,1
2018-11-03 11:05:36,14,3536.0,3,5,0.0,1
2018-11-03 11:05:38,15,2286.0,4,4,0.0,1
2018-11-03 11:05:40,8,3536.0,2,4,0.0,1
2018-11-03 11:05:42,47,11270.0,3,7,0.0,1
2018-11-03 11:05:44,58,20794.0,2,3,0.0,1
2018-11-03 11:05:46,92,24408.0,5,19,0.0,1
2018-11-03 11:05:48,72,26302.0,2,13,0.0,1
2018-11-03 11:05:50,523,89244.0,4,31,0.0,0
2018-11-03 11:05:52,1646,331956.0,12,76,0.0,0
2018-11-03 11:05:54,458,97711.0,7,46,0.0,0
2018-11-03 11:05:56,38,14062.0,2,15,0.0,1
2018-11-03 11:05:58,138,3748.0,3,7,0.0,1
2018-11-03 11:06:00,54,3778.0,5,8,0.0,1
2018-11-03 11:06:02,73,7231.0,5,12,0.0,1
2018-11-03 11:06:04,129,21206.0,3,11,0.0,1
2018-11-03 11:06:06,10,3748.0,2,5,0.0,1
2018-11-03 11:06:08,38,6428.0,4,13,0.0,1
2018-11-03 11:06:10,5,0.0,2,2,0.0,0
2018-11-03 11:06:12,44,2500.0,2,4,0.0,0
2018-11-03 11:06:14,4,1700.0,2,2,0.0,1
2018-11-03 11:06:16,83,15964.0,3,7,0.0,0
2018-11-03 11:06:18,86,3732.0,3,7,0.0,0
2018-11-03 11:06:22,18,1549.0,1,1,0.0,0
2018-11-03 11:06:24,8,516.0,1,2,0.0,0
2018-11-03 11:06:28,12,549.0,2,3,0.0,0
2018-11-03 11:06:32,22,3317.0,3,3,0.0,1
2018-11-03 11:06:34,24,8960.0,2,12,0.0,1
2018-11-03 11:06:36,12,1768.0,3,3,0.0,1
2018-11-03 11:06:38,12,549.0,2,3,0.0,0
2018-11-03 11:06:40,32,11616.0,2,10,0.0,1
2018-11-03 11:06:42,70,26918.0,3,7,0.0,1
2018-11-03 11:06:44,4,1768.0,2,2,0.0,1
2018-11-03 11:06:46,12,4480.0,2,6,0.0,1
2018-11-03 11:06:48,24,2866.0,4,8,0.0,0
2018-11-03 11:06:50,120,35164.0,2,9,0.0,0
2018-11-03 11:06:52,41,7796.0,3,10,0.0,1
2018-11-03 11:06:54,22,860.0,2,6,0.0,0
2018-11-03 11:06:56,22,287.0,4,9,0.0,0
2018-11-03 11:06:58,27,6698.0,4,10,0.0,1
2018-11-03 11:07:02,303,87494.0,3,4,0.0,1
2018-11-03 11:07:06,28,1768.0,4,7,0.0,0
2018-11-03 11:07:08,11,518.0,2,2,0.0,0
2018-11-03 11:07:12,40,4866.0,3,4,0.0,1
2018-11-03 11:07:16,12,4732.0,2,6,0.0,1
2018-11-03 11:07:18,28,2866.0,4,8,0.0,0
2018-11-03 11:07:20,4,1768.0,2,2,0.0,1
2018-11-03 11:07:22,22,3317.0,3,3,0.0,1
2018-11-03 11:07:24,4,1768.0,2,2,0.0,1
2018-11-03 11:07:28,20,4017.0,4,7,0.0,1
2018-11-03 11:07:30,8,3468.0,2,4,0.0,1
2018-11-03 11:07:32,60,12782.0,3,14,0.0,1
2018-11-03 11:07:34,6,2398.0,2,3,0.0,1
2018-11-03 11:07:36,4,1700.0,2,2,0.0,1
2018-11-03 11:07:38,24,1098.0,2,6,0.0,0
2018-11-03 11:07:40,12,4732.0,2,6,0.0,1
2018-11-03 11:07:42,107,20047.0,3,14,0.0,1
2018-11-03 11:07:44,12,4860.0,2,6,0.0,1
2018-11-03 11:07:46,19,5740.0,4,9,0.0,1
2018-11-03 11:07:48,47,4784.0,8,16,0.0,0
2018-11-03 11:07:50,109,3746.0,4,4,0.0,0
2018-11-03 11:07:52,287,40843.0,4,9,0.0,0
2018-11-03 11:07:54,760,180881.0,5,46,0.0,0
2018-11-03 11:07:56,42,4106.0,3,12,0.0,0
2018-11-03 11:07:58,18,2453.0,4,6,0.0,1
2018-11-03 11:08:00,92,156.0,5,8,0.0,0
2018-11-03 11:08:02,63,11328.0,4,5,0.0,0
2018-11-03 11:08:04,160,220.0,5,7,0.0,0
2018-11-03 11:08:06,6,36.0,1,1,0.0,1
2018-11-03 11:08:10,4,1768.0,2,2,0.0,1
2018-11-03 11:08:14,11,66.0,3,3,0.0,0
2018-11-03 11:08:16,2,136.0,1,1,0.0,1
2018-11-03 11:08:18,104,15268.0,1,9,0.0,0
2018-11-03 11:08:22,53,4261.0,4,7,0.0,0
2018-11-03 11:08:24,6,0.0,1,1,0.0,0
2018-11-03 11:08:26,4,1768.0,2,2,0.0,1
2018-11-03 11:08:28,23,2335.0,5,6,0.0,0
2018-11-03 11:08:30,4,1768.0,2,2,0.0,1
2018-11-03 11:08:32,27,3347.0,5,5,0.0,0
2018-11-03 11:08:34,4,1768.0,2,2,0.0,1
2018-11-03 11:08:36,10,1552.0,2,3,0.0,1
2018-11-03 11:08:38,20,3549.0,4,7,0.0,1
2018-11-03 11:08:40,8,1792.0,2,3,0.0,1
2018-11-03 11:08:42,76,14685.0,5,11,0.0,0
2018-11-03 11:08:44,122,15612.0,12,34,0.0,0
2018-11-03 11:08:46,17,4546.0,4,8,0.0,1
2018-11-03 11:08:48,25,1079.0,3,5,0.0,0
2018-11-03 11:08:50,685,115982.0,3,56,0.0,0
2018-11-03 11:08:52,509,104845.0,2,20,0.0,0
2018-11-03 11:08:54,4,24.0,1,1,0.0,1
2018-11-03 11:08:56,5,30.0,2,2,0.0,0
2018-11-03 11:08:58,36,2365.0,5,7,0.0,0
2018-11-03 11:09:00,48,36.0,2,4,0.0,0
2018-11-03 11:09:02,270,78567.0,1,2,0.0,0
2018-11-03 11:09:06,4,1768.0,2,2,0.0,1
2018-11-03 11:09:08,107,15543.0,6,12,0.0,0
2018-11-03 11:09:10,4,1768.0,2,2,0.0,1
2018-11-03 11:09:12,34,7833.0,3,9,0.0,1
2018-11-03 11:09:16,16,6284.0,2,8,0.0,1
2018-11-03 11:09:18,38,9123.0,4,14,0.0,1
2018-11-03 11:09:20,12,4516.0,2,6,0.0,1
2018-11-03 11:09:22,39,7197.0,3,10,0.0,1
2018-11-03 11:09:24,9,902.0,2,2,0.0,1
2018-11-03 11:09:26,4,804.0,1,1,0.0,0
2018-11-03 11:09:28,16,561.0,2,3,0.0,0
2018-11-03 11:09:30,25,8014.0,4,12,0.0,1
2018-11-03 11:09:32,41,10256.0,3,5,0.0,1
2018-11-03 11:09:34,8,3468.0,2,4,0.0,1
2018-11-03 11:09:36,4,1768.0,2,2,0.0,1
2018-11-03 11:09:38,4,16.0,1,1,0.0,1
2018-11-03 11:09:40,4,1768.0,2,2,0.0,1
2018-11-03 11:09:42,4,1768.0,2,2,0.0,1
2018-11-03 11:09:46,12,5236.0,2,6,0.0,1
2018-11-03 11:09:48,10,135.0,2,2,0.0,0
2018-11-03 11:09:50,72,3486.0,1,1,0.0,0
2018-11-03 11:09:52,277,24101.0,4,11,0.0,1
2018-11-03 11:09:54,14,3042.0,1,4,0.0,1
2018-11-03 11:09:58,20,2329.0,4,5,0.0,0
2018-11-03 11:10:02,35,6790.0,1,1,0.0,0
2018-11-03 11:10:04,52,0.0,1,1,0.0,0
2018-11-03 11:10:06,80,0.0,1,1,0.0,1
2018-11-03 11:10:08,39,0.0,1,1,0.0,0
2018-11-03 11:10:10,8,3536.0,2,4,0.0,1
2018-11-03 11:10:14,6,1800.0,1,1,0.0,0
2018-11-03 11:10:16,18,1768.0,3,3,0.0,1
2018-11-03 11:10:18,4,1768.0,2,2,0.0,1
2018-11-03 11:10:20,57,7248.0,1,1,0.0,1
2018-11-03 11:10:22,57,6113.0,4,9,0.0,0
2018-11-03 11:10:24,11,24.0,2,3,0.0,1
2018-11-03 11:10:28,26,4085.0,5,8,0.0,1
2018-11-03 11:10:30,4,1768.0,2,2,0.0,1
2018-11-03 11:10:32,65,6788.0,1,4,0.0,0
2018-11-03 11:10:34,4,1768.0,2,2,0.0,1
2018-11-03 11:10:36,77,7672.0,1,1,0.0,1
2018-11-03 11:10:44,30,570.0,4,12,0.0,0
2018-11-03 11:10:46,42,2256.0,7,15,0.0,0
2018-11-03 11:10:48,12,30.0,4,4,0.0,1
2018-11-03 11:10:50,6,144.0,1,1,0.0,0
2018-11-03 11:10:52,107,8241.0,5,7,0.0,0
2018-11-03 11:10:54,4,1768.0,2,2,0.0,1
2018-11-03 11:10:58,20,4085.0,4,7,0.0,1
2018-11-03 11:11:02,272,78842.0,3,4,0.0,1
2018-11-03 11:11:06,8,3536.0,2,4,0.0,1
2018-11-03 11:11:08,12,202.0,2,4,0.0,0
2018-11-03 11:11:10,4,1768.0,2,2,0.0,1
2018-11-03 11:11:12,14,0.0,1,1,0.0,0
2018-11-03 11:11:22,33,1597.0,3,5,0.0,0
2018-11-03 11:11:28,12,549.0,2,3,0.0,0
2018-11-03 11:11:32,18,1549.0,1,1,0.0,0
2018-11-03 11:11:34,4,1768.0,2,2,0.0,1
2018-11-03 11:11:38,18,585.0,3,4,0.0,0
2018-11-03 11:11:40,5,89.0,2,2,0.0,0
2018-11-03 11:11:42,111,5012.0,12,36,0.0,0
2018-11-03 11:11:44,434,131106.0,2,14,0.0,0
2018-11-03 11:11:46,336,39950.0,4,44,0.0,0
2018-11-03 11:11:48,16,2317.0,4,5,0.0,0
2018-11-03 11:11:50,1027,315042.0,5,46,0.0,0
2018-11-03 11:11:52,1410,304279.0,5,59,0.0,0
2018-11-03 11:11:54,39,15382.0,2,5,0.0,0
2018-11-03 11:11:56,138,18341.0,7,20,0.0,0
2018-11-03 11:11:58,12,549.0,2,3,0.0,0
2018-11-03 11:12:02,45,7094.0,3,4,0.022222222222222223,1
2018-11-03 11:12:04,73,7596.0,1,1,0.0,1
2018-11-03 11:12:06,140,1768.0,3,4,0.0,1
2018-11-03 11:12:12,45,36.0,2,2,0.0,1
2018-11-03 11:12:14,8,12.0,2,2,0.125,0
2018-11-03 11:12:16,19,4492.0,2,8,0.0,1
2018-11-03 11:12:18,26,7552.0,2,11,0.0,1
2018-11-03 11:12:20,8,3168.0,2,4,0.0,1
2018-11-03 11:12:22,41,6065.0,4,10,0.0,1
2018-11-03 11:12:24,16,1362.0,1,1,0.0,0
2018-11-03 11:12:26,6,36.0,1,1,0.0,1
2018-11-03 11:12:28,12,549.0,2,3,0.0,0
2018-11-03 11:12:30,12,4492.0,2,6,0.0,1
2018-11-03 11:12:32,18,1549.0,1,1,0.0,0
2018-11-03 11:12:38,20,2341.0,4,6,0.0,1
2018-11-03 11:12:42,23,3370.0,1,1,0.0,0
2018-11-03 11:12:46,30,172.0,5,8,0.0,0
2018-11-03 11:12:48,12,3636.0,3,5,0.0,1
2018-11-03 11:12:52,244,47606.0,4,8,0.0,0
2018-11-03 11:12:54,596,214423.0,2,11,0.0,0
2018-11-03 11:12:56,4,16.0,1,1,0.0,1
2018-11-03 11:12:58,4,1700.0,2,2,0.0,1
2018-11-03 11:13:02,8,3024.0,2,4,0.0,1
2018-11-03 11:13:04,27,7660.0,4,12,0.0,1
2018-11-03 11:13:06,16,6256.0,2,8,0.0,1
2018-11-03 11:13:08,18,6762.0,2,9,0.0,1
2018-11-03 11:13:10,2,734.0,1,1,0.0,1
2018-11-03 11:13:12,8,3276.0,2,4,0.0,1
2018-11-03 11:13:14,18,6998.0,2,9,0.0,1
2018-11-03 11:13:16,18,1804.0,3,4,0.0,1
2018-11-03 11:13:18,176,27226.0,3,12,0.0,1
2018-11-03 11:13:20,17,3844.0,4,8,0.058823529411764705,1
2018-11-03 11:13:22,95,7502.0,3,6,0.0,0
2018-11-03 11:13:24,77,9185.0,6,8,0.012987012987012988,0
2018-11-03 11:13:26,16,120.0,2,4,0.0,1
2018-11-03 11:13:30,6,36.0,1,1,0.0,1
2018-11-03 11:13:32,147,16088.0,2,4,0.0,1
2018-11-03 11:13:34,12,4492.0,2,6,0.0,1
2018-11-03 11:13:36,4,1768.0,2,2,0.0,1
2018-11-03 11:13:38,4,1700.0,2,2,0.0,1
2018-11-03 11:13:40,40,1550.0,1,1,0.0,0
2018-11-03 11:13:44,78,7164.0,2,4,0.0,1
2018-11-03 11:13:46,27,195.0,5,8,0.0,0
2018-11-03 11:13:48,5,30.0,2,2,0.0,0
2018-11-03 11:13:50,24,864.0,1,3,0.0,0
2018-11-03 11:13:52,75,29440.0,1,2,0.0,0
2018-11-03 11:13:54,79,8824.0,4,5,0.0,1
2018-11-03 11:13:56,4,1700.0,2,2,0.0,1
2018-11-03 11:14:00,6,36.0,1,1,0.0,1
2018-11-03 11:14:04,89,12916.0,2,7,0.0,1
2018-11-03 11:14:06,11,2840.0,2,3,0.0,1
2018-11-03 11:14:08,28,1768.0,3,3,0.0,1
2018-11-03 11:14:10,4,1768.0,2,2,0.0,1
2018-11-03 11:14:14,62,1768.0,3,4,0.0,1
2018-11-03 11:14:18,90,12640.0,2,5,0.0,1
2018-11-03 11:14:20,110,59008.0,2,28,0.0,1
2018-11-03 11:14:22,6,36.0,1,1,0.0,1
2018-11-03 11:14:24,4,1768.0,2,2,0.0,1
2018-11-03 11:14:26,8,3536.0,2,4,0.0,1
2018-11-03 11:14:30,4,1768.0,2,2,0.0,1
2018-11-03 11:14:32,40,4142.0,2,6,0.0,1
2018-11-03 11:14:40,40,760.0,5,16,0.0,0
2018-11-03 11:14:42,147,8774.0,9,31,0.0,0
2018-11-03 11:14:44,8,24.0,1,1,0.0,1
2018-11-03 11:14:50,885,281295.0,5,47,0.0,0
2018-11-03 11:14:52,23,2169.0,2,6,0.0,0
2018-11-03 11:14:54,124,30320.0,3,10,0.0,0
2018-11-03 11:14:56,239,16788.0,9,38,0.0,0
2018-11-03 11:14:58,8,466.0,2,3,0.0,0
2018-11-03 11:15:00,44,18.0,2,2,0.0,0
2018-11-03 11:15:02,109,1830.0,3,4,0.0,1
2018-11-03 11:15:04,15,3578.0,4,6,0.0,1
2018-11-03 11:15:06,75,7432.0,1,1,0.0,1
2018-11-03 11:15:08,4,1768.0,2,2,0.0,1
2018-11-03 11:15:10,80,14660.0,2,6,0.0,1
2018-11-03 11:15:12,4,1768.0,2,2,0.0,1
2018-11-03 11:15:14,6,36.0,1,1,0.0,1
2018-11-03 11:15:16,10,1804.0,2,3,0.0,1
2018-11-03 11:15:18,29,0.0,4,5,0.0,1
2018-11-03 11:15:20,12,4684.0,2,6,0.0,1
2018-11-03 11:15:22,4,1548.0,2,2,0.0,1
2018-11-03 11:15:24,16,5496.0,2,6,0.0,1
2018-11-03 11:15:26,37,10804.0,2,5,0.0,1
2018-11-03 11:15:28,3,0.0,1,1,0.0,1
2018-11-03 11:15:30,12,4468.0,2,6,0.0,1
2018-11-03 11:15:32,8,2840.0,2,4,0.0,1
2018-11-03 11:15:34,4,1588.0,2,2,0.0,1
2018-11-03 11:15:36,668,98514.0,2,35,0.0,0
2018-11-03 11:15:38,2008,530258.0,8,114,0.0,0
2018-11-03 11:15:40,380,117605.0,5,37,0.0,0
2018-11-03 11:15:42,29,7530.0,4,13,0.0,1
2018-11-03 11:15:44,43,1946.0,7,14,0.0,0
2018-11-03 11:15:46,16,1942.0,4,6,0.0,0
2018-11-03 11:15:48,100,6619.0,6,13,0.0,0
2018-11-03 11:15:50,333,29752.0,4,20,0.0,0
2018-11-03 11:15:52,5,0.0,2,2,0.0,0
2018-11-03 11:15:56,4,1768.0,2,2,0.0,1
2018-11-03 11:16:00,78,7164.0,2,4,0.0,1
2018-11-03 11:16:02,18,5968.0,3,3,0.0,1
2018-11-03 11:16:04,4,1768.0,2,2,0.0,1
2018-11-03 11:16:08,12,4784.0,2,6,0.0,1
2018-11-03 11:16:10,92,13072.0,2,11,0.0,1
2018-11-03 11:16:12,31,12536.0,3,7,0.0,1
2018-11-03 11:16:14,100,51558.0,2,30,0.0,1
2018-11-03 11:16:16,11,66.0,3,3,0.0,0
2018-11-03 11:16:18,12,4480.0,2,6,0.0,1
2018-11-03 11:16:22,80,8992.0,2,3,0.0,1
2018-11-03 11:16:24,36,19210.0,2,9,0.0,1
2018-11-03 11:16:26,14,0.0,1,1,0.0,0
2018-11-03 11:16:32,208,22888.0,2,7,0.0,1
2018-11-03 11:16:36,157,41934.0,3,24,0.0,1
2018-11-03 11:16:38,5,30.0,2,2,0.0,0
2018-11-03 11:16:40,10,60.0,3,4,0.0,0
2018-11-03 11:16:42,11,1768.0,2,4,0.0,1
2018-11-03 11:16:44,1115,163980.0,4,25,0.0,0
2018-11-03 11:16:46,6,36.0,1,1,0.0,1
2018-11-03 11:16:48,5,0.0,2,2,0.0,1
2018-11-03 11:16:50,27,3256.0,5,8,0.0,0
2018-11-03 11:16:54,8,3536.0,2,4,0.0,1
2018-11-03 11:16:56,22,3032.0,3,5,0.0,1
2018-11-03 11:16:58,8,3240.0,2,4,0.0,1
2018-11-03 11:17:00,56,1768.0,3,3,0.0,1
2018-11-03 11:17:04,123,1768.0,3,4,0.0,1
2018-11-03 11:17:06,22,6308.0,2,9,0.0,1
2018-11-03 11:17:08,16,6016.0,2,8,0.0,1
2018-11-03 11:17:10,4,1496.0,1,2,0.0,1
2018-11-03 11:17:12,4,1768.0,2,2,0.0,1
2018-11-03 11:17:14,12,4504.0,2,6,0.0,1
2018-11-03 11:17:20,16,1512.0,3,3,0.0,1
2018-11-03 11:17:22,20,7496.0,2,10,0.0,1
2018-11-03 11:17:24,24,8996.0,2,12,0.0,1
2018-11-03 11:17:26,8,3032.0,2,4,0.0,1
2018-11-03 11:17:28,10,3724.0,2,5,0.0,1
2018-11-03 11:17:30,12,4800.0,2,6,0.0,1
2018-11-03 11:17:32,22,5740.0,3,11,0.0,1
2018-11-03 11:17:34,51,4985.0,6,20,0.0,0
2018-11-03 11:17:36,64,2256.0,5,9,0.0,0
2018-11-03 11:17:40,58,4036.0,10,28,0.0,0
2018-11-03 11:17:42,10,1829.0,4,5,0.0,0
2018-11-03 11:17:46,25,1834.0,3,3,0.0,1
2018-11-03 11:17:48,169,35200.0,2,2,0.0,1
2018-11-03 11:17:50,532,131109.0,3,29,0.0,0
2018-11-03 11:17:52,457,99515.0,5,39,0.0,0
2018-11-03 11:17:54,55,18436.0,6,11,0.0,0
2018-11-03 11:17:56,30,9024.0,2,13,0.0,1
2018-11-03 11:17:58,43,8140.0,3,15,0.0,1
2018-11-03 11:18:00,14,5242.0,2,7,0.0,1
2018-11-03 11:18:02,4,1492.0,1,2,0.0,1
2018-11-03 11:18:04,22,8248.0,2,11,0.0,1
2018-11-03 11:18:06,25,4630.0,4,9,0.0,1
2018-11-03 11:18:08,4,1768.0,2,2,0.0,1
2018-11-03 11:18:12,32,10774.0,3,15,0.0,1
2018-11-03 11:18:14,14,5218.0,2,7,0.0,1
2018-11-03 11:18:16,21,7350.0,3,8,0.0,1
2018-11-03 11:18:18,10,3758.0,2,5,0.0,1
2018-11-03 11:18:20,12,4768.0,2,6,0.0,1
2018-11-03 11:18:22,10,3758.0,2,5,0.0,1
2018-11-03 11:18:24,8,3000.0,2,4,0.0,1
2018-11-03 11:18:26,12,4492.0,2,6,0.0,1
2018-11-03 11:18:28,42,5936.0,5,16,0.0,1
2018-11-03 11:18:30,68,7086.0,7,28,0.0,0
2018-11-03 11:18:32,36,5550.0,6,15,0.0,0
2018-11-03 11:18:34,22,8378.0,2,11,0.0,1
2018-11-03 11:18:36,26,5380.0,4,10,0.0,1
2018-11-03 11:18:38,23,5530.0,4,10,0.0,1
2018-11-03 11:18:40,40,6950.0,7,16,0.0,1
2018-11-03 11:18:42,6,61.0,2,3,0.0,0
2018-11-03 11:18:44,20,8028.0,2,10,0.0,1
2018-11-03 11:18:46,12,4768.0,2,6,0.0,1
2018-11-03 11:18:48,16,6020.0,2,8,0.0,1
2018-11-03 11:18:50,4,1768.0,2,2,0.0,1
2018-11-03 11:18:52,4,1768.0,2,2,0.0,1
2018-11-03 11:18:54,12,4504.0,2,6,0.0,1
2018-11-03 11:18:56,16,5988.0,2,8,0.0,1
2018-11-03 11:18:58,12,4456.0,2,6,0.0,1
2018-11-03 11:19:00,36,13606.0,2,18,0.0,1
2018-11-03 11:19:02,32,12006.0,2,16,0.0,1
2018-11-03 11:19:04,18,6698.0,2,9,0.0,1
2018-11-03 11:19:06,115,9030.0,4,14,0.0,1
2018-11-03 11:19:08,116,7718.0,3,12,0.0,1
2018-11-03 11:19:10,28,10628.0,2,14,0.0,1
2018-11-03 11:19:12,14,5332.0,2,7,0.0,1
2018-11-03 11:19:14,10,3758.0,2,5,0.0,1
2018-11-03 11:19:16,85,13128.0,2,9,0.0,1
2018-11-03 11:19:18,8,3272.0,2,4,0.0,1
2018-11-03 11:19:20,6,2244.0,2,3,0.0,1
2018-11-03 11:19:26,68,40378.0,3,10,0.0,1
2018-11-03 11:19:28,1474,357208.0,4,116,0.0,0
2018-11-03 11:19:30,2353,734674.0,7,113,0.0,0
2018-11-03 11:19:32,12,4492.0,2,6,0.0,1
2018-11-03 11:19:34,64,850.0,9,22,0.0,0
2018-11-03 11:19:36,4,196.0,1,1,0.0,0
2018-11-03 11:19:38,4,1768.0,2,2,0.0,1
2018-11-03 11:19:40,40,3704.0,4,12,0.0,0
2018-11-03 11:19:42,7,42.0,2,2,0.0,0
2018-11-03 11:19:46,42,2661.0,6,12,0.0,0
2018-11-03 11:19:48,7,1786.0,3,3,0.0,1
2018-11-03 11:19:50,10,1768.0,3,3,0.0,1
2018-11-03 11:19:52,32,9056.0,2,14,0.0,1
2018-11-03 11:19:54,26,10028.0,2,13,0.0,1
2018-11-03 11:19:58,22,1620.0,4,7,0.0,0
2018-11-03 11:20:00,20,7460.0,2,10,0.0,1
2018-11-03 11:20:02,16,5996.0,2,8,0.0,1
2018-11-03 11:20:04,141,21338.0,3,12,0.0,1
2018-11-03 11:20:06,7,86.0,2,2,0.0,0
2018-11-03 11:20:10,18,4468.0,3,7,0.0,1
2018-11-03 11:20:12,32,9856.0,2,14,0.0,1
2018-11-03 11:20:14,16,6082.0,2,8,0.0,1
2018-11-03 11:20:16,30,11190.0,2,15,0.0,1
2018-11-03 11:20:18,22,8336.0,2,11,0.0,1
2018-11-03 11:20:20,87,30048.0,3,14,0.0,1
2018-11-03 11:20:22,10,3848.0,2,5,0.0,1
2018-11-03 11:20:24,16,6008.0,2,8,0.0,1
2018-11-03 11:20:26,10,4002.0,2,5,0.0,1
2018-11-03 11:20:28,20,7760.0,2,10,0.0,1
2018-11-03 11:20:30,30,7850.0,3,12,0.0,1
2018-11-03 11:20:32,12,4752.0,2,6,0.0,1
2018-11-03 11:20:34,80,29968.0,3,18,0.0,1
2018-11-03 11:20:36,145,16022.0,5,15,0.0,0
2018-11-03 11:20:38,10,1804.0,2,3,0.0,1
2018-11-03 11:20:40,48,7292.0,6,21,0.0,0
2018-11-03 11:20:42,56,7340.0,6,22,0.0,0
2018-11-03 11:20:44,32,7674.0,4,13,0.0,1
2018-11-03 11:20:46,8,2980.0,1,4,0.0,1
2018-11-03 11:20:50,1675,770079.0,4,82,0.0005970149253731343,0
2018-11-03 11:20:52,1136,351822.0,7,85,0.0,0
2018-11-03 11:20:54,66,21808.0,5,15,0.0,1
2018-11-03 11:20:56,126,19340.0,6,29,0.0,0
2018-11-03 11:20:58,42,10560.0,4,10,0.0,1
2018-11-03 11:21:00,4,1492.0,1,2,0.0,1
2018-11-03 11:21:02,175,26030.0,3,12,0.0,1
2018-11-03 11:21:04,9,776.0,3,3,0.0,0
2018-11-03 11:21:06,32,7038.0,3,10,0.0,1
2018-11-03 11:21:08,6,2380.0,1,3,0.0,1
2018-11-03 11:21:10,99,1784.0,4,5,0.0,1
2018-11-03 11:21:12,86,36.0,1,2,0.0,1
2018-11-03 11:21:14,145,16654.0,2,9,0.0,0
2018-11-03 11:21:18,166,23048.0,3,13,0.0,0
2018-11-03 11:21:20,6,36.0,1,1,0.0,1
2018-11-03 11:21:22,4,1768.0,2,2,0.0,1
2018-11-03 11:21:24,19,3062.0,4,7,0.0,1
2018-11-03 11:21:26,138,7208.0,9,49,0.0,0
2018-11-03 11:21:28,26,3224.0,2,3,0.0,0
2018-11-03 11:21:30,103,35384.0,1,4,0.0,0
2018-11-03 11:21:34,16,521.0,1,1,0.0,0
2018-11-03 11:21:40,16,6272.0,2,8,0.0,1
2018-11-03 11:21:44,16,6272.0,2,8,0.0,1
2018-11-03 11:21:46,32,5142.0,3,8,0.0,1
2018-11-03 11:21:48,22,8270.0,2,11,0.0,1
2018-11-03 11:21:50,12,4516.0,2,6,0.0,1
2018-11-03 11:21:52,18,3734.0,3,6,0.0,1
2018-11-03 11:21:54,12,3062.0,2,6,0.0,1
2018-11-03 11:21:56,28,4714.0,2,9,0.0,1
2018-11-03 11:22:00,4,1768.0,2,2,0.0,1
2018-11-03 11:22:04,10,60.0,1,2,0.0,1
2018-11-03 11:22:06,85,11892.0,2,7,0.0,1
2018-11-03 11:22:12,12,4492.0,2,6,0.0,1
2018-11-03 11:22:14,24,9292.0,2,12,0.0,1
2018-11-03 11:22:16,7,766.0,3,3,0.0,0
2018-11-03 11:22:18,51,9368.0,5,22,0.0,1
2018-11-03 11:22:20,74,4908.0,8,29,0.0,0
2018-11-03 11:22:22,20,7712.0,2,10,0.0,1
2018-11-03 11:22:24,104,19586.0,3,14,0.0,1
2018-11-03 11:22:26,85,22062.0,5,9,0.0,1
2018-11-03 11:22:28,6,2498.0,2,3,0.0,1
2018-11-03 11:22:30,31,9974.0,4,15,0.0,1
2018-11-03 11:22:32,22,8380.0,2,11,0.0,1
2018-11-03 11:22:34,22,8222.0,2,11,0.0,1
2018-11-03 11:22:36,16,4652.0,2,7,0.0,1
2018-11-03 11:22:38,38,9882.0,3,15,0.0,1
2018-11-03 11:22:40,38,9142.0,5,18,0.0,1
2018-11-03 11:22:46,18,133.0,3,5,0.0,0
2018-11-03 11:22:48,12,4468.0,2,6,0.0,1
2018-11-03 11:22:50,4,1768.0,2,2,0.0,1
2018-11-03 11:22:58,8,1960.0,3,3,0.0,1
2018-11-03 11:23:00,12,4468.0,2,6,0.0,1
2018-11-03 11:23:02,12,4504.0,2,6,0.0,1
2018-11-03 11:23:04,18,6722.0,2,9,0.0,1
2018-11-03 11:23:06,2,730.0,1,1,0.0,1
2018-11-03 11:23:10,9,46.0,3,3,0.0,0
2018-11-03 11:23:12,12,4468.0,2,6,0.0,1
2018-11-03 11:23:14,136,4498.0,5,10,0.0,1
2018-11-03 11:23:16,64,4776.0,3,7,0.0,1
2018-11-03 11:23:18,432,106884.0,3,22,0.0,0
2018-11-03 11:23:20,1008,163486.0,4,80,0.0,0
2018-11-03 11:23:22,4,1768.0,2,2,0.0,1
2018-11-03 11:23:24,9,1798.0,4,4,0.0,1
2018-11-03 11:23:26,41,7101.0,5,16,0.0,1
2018-11-03 11:23:28,8,73.0,2,3,0.0,0
2018-11-03 11:23:30,125,18204.0,3,7,0.0,1
2018-11-03 11:23:32,187,55210.0,3,15,0.0,1
2018-11-03 11:23:34,30,6000.0,3,9,0.0,1
2018-11-03 11:23:36,6,1076.0,2,2,0.0,1
2018-11-03 11:23:38,16,6260.0,2,8,0.0,1
2018-11-03 11:23:40,52,962.0,6,20,0.0,0
2018-11-03 11:23:42,104,1962.0,10,37,0.0,0
2018-11-03 11:23:44,37,2264.0,5,12,0.0,0
2018-11-03 11:23:48,20,8028.0,2,10,0.0,1
2018-11-03 11:23:50,1329,573545.0,4,48,0.0,0
2018-11-03 11:23:52,730,154821.0,5,48,0.0013698630136986301,0
2018-11-03 11:23:54,65,20622.0,6,13,0.0,1
2018-11-03 11:23:56,57,8950.0,5,26,0.0,0
2018-11-03 11:23:58,27,8232.0,4,13,0.0,1
2018-11-03 11:24:00,34,8412.0,2,13,0.0,1
2018-11-03 11:24:02,25,8234.0,3,6,0.0,1
2018-11-03 11:24:04,4,1768.0,2,2,0.0,1
2018-11-03 11:24:08,16,1702.0,4,6,0.0,0
2018-11-03 11:24:10,20,7460.0,2,10,0.0,1
2018-11-03 11:24:22,12,712.0,1,3,0.0,0
2018-11-03 11:24:24,4,1768.0,2,2,0.0,1
2018-11-03 11:24:26,273,69649.0,4,12,0.0,1
2018-11-03 11:24:28,440,144358.0,4,11,0.0,0
2018-11-03 11:24:30,717,347482.0,5,43,0.001394700139470014,0
2018-11-03 11:24:32,4304,3472659.0,2,49,0.0,0
2018-11-03 11:24:34,286,70099.0,6,36,0.0034965034965034965,0
2018-11-03 11:24:36,440,118945.0,7,49,0.0,0
2018-11-03 11:24:38,529,141444.0,5,56,0.0,0
2018-11-03 11:24:40,130,9307.0,5,39,0.0,0
2018-11-03 11:24:42,579,210092.0,9,56,0.0,0
2018-11-03 11:24:44,316,61919.0,6,36,0.0,0
2018-11-03 11:24:46,91,10927.0,8,28,0.0,0
2018-11-03 11:24:48,89,13460.0,5,25,0.0,0
2018-11-03 11:24:50,39,5390.0,5,12,0.0,1
2018-11-03 11:24:52,12,579.0,2,4,0.0,0
2018-11-03 11:24:54,22,2396.0,4,7,0.0,0
2018-11-03 11:24:56,8,48.0,2,2,0.0,1
2018-11-03 11:24:58,2,12.0,1,1,0.0,0
2018-11-03 11:25:00,85,12272.0,3,6,0.0,1
2018-11-03 11:25:02,22,4480.0,4,8,0.0,1
2018-11-03 11:25:04,4,1768.0,2,2,0.0,1
2018-11-03 11:25:06,10,3292.0,3,5,0.0,1
2018-11-03 11:25:08,8,2992.0,2,4,0.0,1
2018-11-03 11:25:10,16,4824.0,2,7,0.0,1
2018-11-03 11:25:12,15,1472.0,3,5,0.0,1
2018-11-03 11:25:14,2,12.0,1,1,0.0,0
2018-11-03 11:25:16,30,2214.0,5,9,0.0,0
2018-11-03 11:25:18,158,2093.0,4,5,0.0,1
2018-11-03 11:25:20,57,2444.0,5,7,0.0,0
2018-11-03 11:25:22,28,6984.0,3,11,0.0,1
2018-11-03 11:25:24,83,10648.0,1,2,0.0,0
2018-11-03 11:25:26,21,1932.0,4,6,0.0,1
2018-11-03 11:25:36,10,1912.0,3,3,0.0,1
2018-11-03 11:25:38,14,2093.0,3,3,0.0,1
2018-11-03 11:25:40,10,325.0,1,1,0.0,0
2018-11-03 11:25:42,42,157.0,1,1,0.0,0
2018-11-03 11:25:44,12,4504.0,2,6,0.0,1
2018-11-03 11:25:46,43,2018.0,7,11,0.0,0
2018-11-03 11:25:50,10,1912.0,3,3,0.0,1
2018-11-03 11:25:52,113,20344.0,2,6,0.0,0
2018-11-03 11:25:56,8,48.0,1,2,0.0,1
2018-11-03 11:26:00,6,36.0,1,1,0.0,1
2018-11-03 11:26:02,131,37702.0,3,7,0.0,1
2018-11-03 11:26:08,6,36.0,1,1,0.0,1
2018-11-03 11:26:10,115,12503.0,7,22,0.0,0
2018-11-03 11:26:12,61,2941.0,6,20,0.0,0
2018-11-03 11:26:14,4,1768.0,2,2,0.0,1
2018-11-03 11:26:20,48,3322.0,3,4,0.0,1
2018-11-03 11:26:24,19,1768.0,4,8,0.0,0
2018-11-03 11:26:26,4,1768.0,2,2,0.0,1
2018-11-03 11:26:32,85,9518.0,4,7,0.0,0
2018-11-03 11:26:34,13,128.0,1,1,0.0,0
2018-11-03 11:26:36,4,1768.0,2,2,0.0,1
2018-11-03 11:26:38,26,214.0,2,7,0.0,0
2018-11-03 11:26:40,57,2601.0,9,21,0.0,0
2018-11-03 11:26:42,79,3216.0,9,26,0.0,0
2018-11-03 11:26:44,10,0.0,1,1,0.0,0
2018-11-03 11:26:46,13,1805.0,3,5,0.0,1
2018-11-03 11:26:48,9,136.0,2,2,0.0,0
2018-11-03 11:26:50,1390,245741.0,4,57,0.0,0
2018-11-03 11:26:52,127,60878.0,5,34,0.0,1
2018-11-03 11:26:54,38,20484.0,2,11,0.0,1
2018-11-03 11:26:56,24,1036.0,5,10,0.0,0
2018-11-03 11:26:58,4,1768.0,2,2,0.0,1
2018-11-03 11:27:00,4,1768.0,2,2,0.0,1
2018-11-03 11:27:02,4,1768.0,2,2,0.0,1
2018-11-03 11:27:04,11,66.0,3,3,0.0,0
2018-11-03 11:27:06,15,3050.0,4,6,0.0,1
2018-11-03 11:27:08,22,5964.0,2,9,0.0,1
2018-11-03 11:27:10,522,93856.0,4,45,0.0,0
2018-11-03 11:27:12,535,101262.0,4,41,0.0,0
2018-11-03 11:27:14,10,3714.0,2,5,0.0,1
2018-11-03 11:27:16,38,7047.0,6,15,0.0,1
2018-11-03 11:27:18,10,3738.0,2,5,0.0,1
2018-11-03 11:27:20,100,3210.0,4,9,0.0,1
2018-11-03 11:27:22,113,3312.0,7,10,0.0,0
2018-11-03 11:27:24,10,3738.0,2,5,0.0,1
2018-11-03 11:27:26,12,3032.0,2,5,0.0,1
2018-11-03 11:27:28,4,1460.0,2,2,0.0,1
2018-11-03 11:27:34,7,42.0,2,2,0.0,0
2018-11-03 11:27:36,12,202.0,2,4,0.0,0
2018-11-03 11:27:38,10,154.0,2,4,0.0,0
2018-11-03 11:27:42,4,1768.0,2,2,0.0,1
2018-11-03 11:27:46,13,54.0,2,2,0.0,1
2018-11-03 11:27:48,4,1768.0,2,2,0.0,1
2018-11-03 11:27:50,5,30.0,2,2,0.0,0
2018-11-03 11:27:52,442,411222.0,3,5,0.0,1
2018-11-03 11:28:00,151,51128.0,2,20,0.0,1
2018-11-03 11:28:02,4,1768.0,2,2,0.0,1
2018-11-03 11:28:04,4,1768.0,2,2,0.0,1
2018-11-03 11:28:10,7,0.0,2,2,0.0,1
2018-11-03 11:28:12,4,24.0,1,1,0.0,1
2018-11-03 11:28:18,988,152541.0,4,36,0.0,0
2018-11-03 11:28:20,715,143506.0,4,16,0.0,0
2018-11-03 11:28:22,10,53.0,2,3,0.0,0
2018-11-03 11:28:26,65,23793.0,4,6,0.0,0
2018-11-03 11:28:30,16,7072.0,2,8,0.0,1
2018-11-03 11:28:36,8,3536.0,2,4,0.0,1
2018-11-03 11:28:40,78,8592.0,3,5,0.0,1
2018-11-03 11:28:42,5,0.0,2,2,0.0,0
2018-11-03 11:28:46,33,2300.0,4,7,0.0,0
2018-11-03 11:28:48,10,18.0,3,3,0.0,0
2018-11-03 11:28:50,9,1768.0,4,4,0.0,1
2018-11-03 11:28:52,43,15612.0,2,6,0.0,0
2018-11-03 11:29:06,199,147192.0,1,3,0.0,0
2018-11-03 11:29:08,22,232.0,3,7,0.0,0
2018-11-03 11:29:16,46504,279012.0,1,3051,0.0,1
2018-11-03 11:29:18,339053,2034868.0,3,26905,0.0,1
2018-11-03 11:29:20,239694,1454270.0,2,26362,0.0,1
2018-11-03 11:29:22,177713,1058284.0,3,25903,0.0,1
2018-11-03 11:29:24,133439,800810.0,3,24149,0.0,1
2018-11-03 11:29:26,103942,627488.0,3,22493,2.8862250101017874e-05,1
2018-11-03 11:29:28,72422,436376.0,2,18729,4.142387672254287e-05,1
2018-11-03 11:29:30,55663,342508.0,1,15316,7.186102078580027e-05,1
2018-11-03 11:29:32,46306,278012.0,1,13813,6.47864207662074e-05,1
2018-11-03 11:29:34,43694,262252.0,1,13856,2.2886437497139195e-05,1
2018-11-03 11:29:36,42130,254524.0,2,14224,0.0,1
2018-11-03 11:29:38,43538,262972.0,2,15215,0.0,1
2018-11-03 11:29:40,41572,249761.0,5,14933,0.0,1
2018-11-03 11:29:42,39214,238026.0,10,14472,0.0,1
2018-11-03 11:29:44,36669,221758.0,3,13784,0.0,1
2018-11-03 11:29:46,37527,226920.0,4,14106,2.664748048072055e-05,1
2018-11-03 11:29:48,50322,302100.0,1,17468,5.961607249314415e-05,1
2018-11-03 11:29:50,51341,492184.0,6,17789,9.738805243372743e-05,1
2018-11-03 11:29:52,50373,387074.0,4,17746,5.955571437079388e-05,1
2018-11-03 11:29:54,48732,292484.0,1,17397,6.156119182467373e-05,1
2018-11-03 11:29:56,48570,301611.0,3,17331,6.176652254478072e-05,1
2018-11-03 11:29:58,50517,303265.0,2,17818,5.938594928439931e-05,1
2018-11-03 11:30:00,49462,296788.0,1,17524,8.087016295337835e-05,1
2018-11-03 11:30:02,47468,289156.0,8,17062,6.320047189685683e-05,1
2018-11-03 11:30:04,47840,289176.0,5,17190,6.270903010033444e-05,1
2018-11-03 11:30:06,48066,290236.0,3,17193,0.00010402363416968335,1
2018-11-03 11:30:08,50970,305952.0,1,17999,5.885815185403178e-05,1
2018-11-03 11:30:10,49266,299184.0,2,17592,6.089392278650591e-05,1
2018-11-03 11:30:12,47312,283985.0,3,17021,4.227257355427798e-05,1
2018-11-03 11:30:14,47388,284308.0,4,17086,4.220477758082215e-05,1
2018-11-03 11:30:16,47699,288064.0,6,17160,0.0001048240005031552,1
2018-11-03 11:30:18,50224,301432.0,1,17883,3.9821599235425295e-05,1
2018-11-03 11:30:20,49592,301172.0,2,17678,6.049362800451686e-05,1
2018-11-03 11:30:22,47356,284224.0,1,17016,4.223329673114283e-05,1
2018-11-03 11:30:24,43008,259924.0,2,15620,6.975446428571428e-05,1
